rank,id,name,category,tier,source_surface,requires_gpu,competitor_validation_0_100,estimated_customer_benefit_pct,business_value_0_100,weighted_score_0_100,top_80,uncertainty,capability_family,competitor_evidence_band,score_rationale
1,protect-camera-offline-watch,Protect Camera Offline Watch,Security & Access,pro,protect,False,90,78,88,85.0,yes,Low,camera_image_health,direct,"camera image health; competitor evidence=direct; estimated reach=78% of the assumed Nexus customer mix; business value reflects outcome severity, economic exposure, response urgency, and buyer willingness-to-pay."
2,after-hours-activity,After-Hours Activity,Security & Access,starter,vision,True,94,68,91,83.7,yes,Low,loitering_intrusion,direct,"loitering intrusion; competitor evidence=direct; estimated reach=68% of the assumed Nexus customer mix; business value reflects outcome severity, economic exposure, response urgency, and buyer willingness-to-pay."
3,rtsp-connectivity-probe,RTSP Connectivity Probe,Security & Access,pro,protect,True,90,76,84,82.7,yes,Low,camera_image_health,direct,"camera image health; competitor evidence=direct; estimated reach=76% of the assumed Nexus customer mix; business value reflects outcome severity, economic exposure, response urgency, and buyer willingness-to-pay."
4,camera-tamper,Camera View Change Alert,Property & Liability,starter,vision,True,90,72,85,81.7,yes,Low,camera_image_health,direct,"camera image health; competitor evidence=direct; estimated reach=72% of the assumed Nexus customer mix; business value reflects outcome severity, economic exposure, response urgency, and buyer willingness-to-pay."
5,loitering-watch,Loitering Watch,Security & Access,starter,vision,True,94,62,88,80.4,yes,Low,loitering_intrusion,direct,"loitering intrusion; competitor evidence=direct; estimated reach=62% of the assumed Nexus customer mix; business value reflects outcome severity, economic exposure, response urgency, and buyer willingness-to-pay."
6,event-pre-post-roll-clip-export,Event Pre/Post-Roll Clip Export,Security & Access,enterprise,protect,False,90,62,88,79.4,yes,Low,evidence_management,direct,"evidence management; competitor evidence=direct; estimated reach=62% of the assumed Nexus customer mix; business value reflects outcome severity, economic exposure, response urgency, and buyer willingness-to-pay."
7,fire-exit-blocked,Egress-Zone Object Review,Property & Liability,starter,vision,True,92,52,92,78.0,yes,Low,object_left_blocked,direct,"object left blocked; competitor evidence=direct; estimated reach=52% of the assumed Nexus customer mix; business value reflects outcome severity, economic exposure, response urgency, and buyer willingness-to-pay."
8,smart-event-clip-export,Smart-Detect Event Clip Export,Security & Access,enterprise,protect,False,90,58,86,77.2,yes,Low,evidence_management,direct,"evidence management; competitor evidence=direct; estimated reach=58% of the assumed Nexus customer mix; business value reflects outcome severity, economic exposure, response urgency, and buyer willingness-to-pay."
9,rtsp-freeze-watch,RTSP Freeze Watch,Security & Access,pro,protect,True,90,62,82,77.0,yes,Low,camera_image_health,direct,"camera image health; competitor evidence=direct; estimated reach=62% of the assumed Nexus customer mix; business value reflects outcome severity, economic exposure, response urgency, and buyer willingness-to-pay."
10,mandated-camera-check,Camera View Baseline Check,Compliance,pro,vision,True,90,58,82,75.6,yes,High,camera_image_health,direct,"camera image health; competitor evidence=direct; estimated reach=58% of the assumed Nexus customer mix; business value reflects outcome severity, economic exposure, response urgency, and buyer willingness-to-pay."
11,tailgating-correlation,Credential-to-Crossing Correlation,Security & Access,pro,vision,True,92,42,94,75.3,yes,Low,access_video_correlation,direct,"access video correlation; competitor evidence=direct; estimated reach=42% of the assumed Nexus customer mix; business value reflects outcome severity, economic exposure, response urgency, and buyer willingness-to-pay."
12,multi-camera-incident-clip-bundle,Multi-Camera Clip Bundle,Security & Access,enterprise,protect,False,90,48,90,75.3,yes,High,evidence_management,direct,"evidence management; competitor evidence=direct; estimated reach=48% of the assumed Nexus customer mix; business value reflects outcome severity, economic exposure, response urgency, and buyer willingness-to-pay."
13,manual-bounded-clip-export,Manual Bounded Clip Export,Security & Access,enterprise,protect,False,90,55,83,74.95,yes,Low,evidence_management,direct,"evidence management; competitor evidence=direct; estimated reach=55% of the assumed Nexus customer mix; business value reflects outcome severity, economic exposure, response urgency, and buyer willingness-to-pay."
14,denied-access-escalation,Denied-Access Escalation,Security & Access,starter,vision,True,92,45,90,74.75,yes,Low,access_video_correlation,direct,"access video correlation; competitor evidence=direct; estimated reach=45% of the assumed Nexus customer mix; business value reflects outcome severity, economic exposure, response urgency, and buyer willingness-to-pay."
15,verified-door-timeline,Verified Door Incident Timeline,Security & Access,pro,vision,True,92,45,90,74.75,yes,Low,access_video_correlation,direct,"access video correlation; competitor evidence=direct; estimated reach=45% of the assumed Nexus customer mix; business value reflects outcome severity, economic exposure, response urgency, and buyer willingness-to-pay."
16,site-theft-watch,After-Hours Equipment-Zone Presence,Security & Access,starter,vision,True,94,43,90,74.55,yes,Low,loitering_intrusion,direct,"loitering intrusion; competitor evidence=direct; estimated reach=43% of the assumed Nexus customer mix; business value reflects outcome severity, economic exposure, response urgency, and buyer willingness-to-pay."
17,door-alarm-verification,Forced/Held-Open Video Verification,Security & Access,starter,vision,True,92,40,93,74.2,yes,Low,access_video_correlation,direct,"access video correlation; competitor evidence=direct; estimated reach=40% of the assumed Nexus customer mix; business value reflects outcome severity, economic exposure, response urgency, and buyer willingness-to-pay."
18,slip-fall,Possible Fall Review,Property & Liability,pro,vision,True,90,38,94,73.4,yes,Low,fall_safety,direct,"fall safety; competitor evidence=direct; estimated reach=38% of the assumed Nexus customer mix; business value reflects outcome severity, economic exposure, response urgency, and buyer willingness-to-pay."
19,crowd-density,Crowd Density Alert,People & Safety,pro,vision,True,94,42,88,73.4,yes,Low,occupancy_counting,direct,"occupancy counting; competitor evidence=direct; estimated reach=42% of the assumed Nexus customer mix; business value reflects outcome severity, economic exposure, response urgency, and buyer willingness-to-pay."
20,clip-export-integrity-probe,Clip Export Integrity Probe,Compliance,enterprise,protect,False,90,45,87,73.05,yes,Low,evidence_management,direct,"evidence management; competitor evidence=direct; estimated reach=45% of the assumed Nexus customer mix; business value reflects outcome severity, economic exposure, response urgency, and buyer willingness-to-pay."
21,rtsp-black-frame-rate,RTSP Black Frame Rate,Property & Liability,pro,protect,True,90,55,78,72.95,yes,Low,camera_image_health,direct,"camera image health; competitor evidence=direct; estimated reach=55% of the assumed Nexus customer mix; business value reflects outcome severity, economic exposure, response urgency, and buyer willingness-to-pay."
22,abandoned-object,Persistent Object Review,People & Safety,enterprise,vision,True,92,46,84,72.7,yes,Low,object_left_blocked,direct,"object left blocked; competitor evidence=direct; estimated reach=46% of the assumed Nexus customer mix; business value reflects outcome severity, economic exposure, response urgency, and buyer willingness-to-pay."
23,clip-export-checksum-manifest,Clip Export Checksum Manifest,Compliance,enterprise,protect,False,90,45,86,72.65,yes,Low,evidence_management,direct,"evidence management; competitor evidence=direct; estimated reach=45% of the assumed Nexus customer mix; business value reflects outcome severity, economic exposure, response urgency, and buyer willingness-to-pay."
24,hallway-overnight,Hallway Overnight Presence,Security & Access,starter,vision,True,94,42,85,72.2,yes,Low,loitering_intrusion,direct,"loitering intrusion; competitor evidence=direct; estimated reach=42% of the assumed Nexus customer mix; business value reflects outcome severity, economic exposure, response urgency, and buyer willingness-to-pay."
25,access-incident-index,Access Incident Search Index,Security & Access,enterprise,vision,True,92,42,86,72.1,yes,Low,access_video_correlation,direct,"access video correlation; competitor evidence=direct; estimated reach=42% of the assumed Nexus customer mix; business value reflects outcome severity, economic exposure, response urgency, and buyer willingness-to-pay."
26,motion-event-clip-export,Motion Event Clip Export,Security & Access,enterprise,protect,False,90,50,80,72.0,yes,Low,evidence_management,direct,"evidence management; competitor evidence=direct; estimated reach=50% of the assumed Nexus customer mix; business value reflects outcome severity, economic exposure, response urgency, and buyer willingness-to-pay."
27,access-after-hours-unlock-report,After-Hours Unlock Command Report,Security & Access,pro,access,False,82,46,88,71.8,yes,Low,access_control_workflow,direct,"access control workflow; competitor evidence=direct; estimated reach=46% of the assumed Nexus customer mix; business value reflects outcome severity, economic exposure, response urgency, and buyer willingness-to-pay."
28,after-hours-entry-verification,After-Hours Entry Verification,Security & Access,pro,vision,True,92,34,92,71.7,yes,Low,access_video_correlation,direct,"access video correlation; competitor evidence=direct; estimated reach=34% of the assumed Nexus customer mix; business value reflects outcome severity, economic exposure, response urgency, and buyer willingness-to-pay."
29,access-evidence-package,Access Event Evidence Package,Security & Access,enterprise,vision,True,92,38,88,71.5,yes,High,access_video_correlation,direct,"access video correlation; competitor evidence=direct; estimated reach=38% of the assumed Nexus customer mix; business value reflects outcome severity, economic exposure, response urgency, and buyer willingness-to-pay."
30,clip-export-index,Clip Export Search Index,Intelligence,enterprise,protect,False,90,48,80,71.3,yes,Low,evidence_management,direct,"evidence management; competitor evidence=direct; estimated reach=48% of the assumed Nexus customer mix; business value reflects outcome severity, economic exposure, response urgency, and buyer willingness-to-pay."
31,access-close-confirmation-gap,Door Close Event Gap Review,Security & Access,pro,access,False,82,42,89,70.8,yes,High,access_control_workflow,direct,"access control workflow; competitor evidence=direct; estimated reach=42% of the assumed Nexus customer mix; business value reflects outcome severity, economic exposure, response urgency, and buyer willingness-to-pay."
32,rtsp-blur-score,RTSP Blur Score Monitor,Property & Liability,pro,protect,True,90,52,75,70.7,yes,High,camera_image_health,direct,"camera image health; competitor evidence=direct; estimated reach=52% of the assumed Nexus customer mix; business value reflects outcome severity, economic exposure, response urgency, and buyer willingness-to-pay."
33,access-audited-unlock-request,Audited Door Unlock Request,Security & Access,enterprise,access,False,82,40,90,70.5,yes,Low,access_control_workflow,direct,"access control workflow; competitor evidence=direct; estimated reach=40% of the assumed Nexus customer mix; business value reflects outcome severity, economic exposure, response urgency, and buyer willingness-to-pay."
34,access-door-alarm-recurrence,Door Alarm Recurrence Summary,Security & Access,pro,access,False,82,43,87,70.35,yes,Low,access_control_workflow,direct,"access control workflow; competitor evidence=direct; estimated reach=43% of the assumed Nexus customer mix; business value reflects outcome severity, economic exposure, response urgency, and buyer willingness-to-pay."
35,wrong-way,Wrong-Way Movement,People & Safety,starter,vision,True,92,34,88,70.1,yes,Low,tailgating_direction,direct,"tailgating direction; competitor evidence=direct; estimated reach=34% of the assumed Nexus customer mix; business value reflects outcome severity, economic exposure, response urgency, and buyer willingness-to-pay."
36,clip-export-daily-manifest,Clip Export Daily Manifest,Compliance,enterprise,protect,False,90,42,82,70.0,yes,Low,evidence_management,direct,"evidence management; competitor evidence=direct; estimated reach=42% of the assumed Nexus customer mix; business value reflects outcome severity, economic exposure, response urgency, and buyer willingness-to-pay."
37,gate-tailgate-storage,Rapid Gate-Crossing Review,Security & Access,starter,vision,True,92,45,78,69.95,yes,High,tailgating_direction,direct,"tailgating direction; competitor evidence=direct; estimated reach=45% of the assumed Nexus customer mix; business value reflects outcome severity, economic exposure, response urgency, and buyer willingness-to-pay."
38,visitor-entry-review,Visitor Entry Review Context,Security & Access,starter,vision,True,92,38,84,69.9,yes,Low,access_video_correlation,direct,"access video correlation; competitor evidence=direct; estimated reach=38% of the assumed Nexus customer mix; business value reflects outcome severity, economic exposure, response urgency, and buyer willingness-to-pay."
39,footfall-counter,Footfall & Occupancy Counter,Retail & QSR,starter,vision,True,94,48,74,69.9,yes,Low,occupancy_counting,direct,"occupancy counting; competitor evidence=direct; estimated reach=48% of the assumed Nexus customer mix; business value reflects outcome severity, economic exposure, response urgency, and buyer willingness-to-pay."
40,forecourt-loiter,Forecourt Dwell Watch,Security & Access,starter,vision,True,94,36,84,69.7,yes,Low,loitering_intrusion,direct,"loitering intrusion; competitor evidence=direct; estimated reach=36% of the assumed Nexus customer mix; business value reflects outcome severity, economic exposure, response urgency, and buyer willingness-to-pay."
41,clip-export-queue,Clip Export Queue,Intelligence,enterprise,protect,False,90,48,76,69.7,yes,Low,evidence_management,direct,"evidence management; competitor evidence=direct; estimated reach=48% of the assumed Nexus customer mix; business value reflects outcome severity, economic exposure, response urgency, and buyer willingness-to-pay."
42,safety-zone-breach,Restricted-Zone Person Presence,Manufacturing & Warehouse,enterprise,vision,True,94,24,94,69.5,yes,Low,loitering_intrusion,direct,"loitering intrusion; competitor evidence=direct; estimated reach=24% of the assumed Nexus customer mix; business value reflects outcome severity, economic exposure, response urgency, and buyer willingness-to-pay."
43,supply-theft-watch,After-Hours Supply-Zone Activity,Security & Access,starter,vision,True,94,32,87,69.5,yes,Low,loitering_intrusion,direct,"loitering intrusion; competitor evidence=direct; estimated reach=32% of the assumed Nexus customer mix; business value reflects outcome severity, economic exposure, response urgency, and buyer willingness-to-pay."
44,queue-length,Queue Length Monitor,Retail & QSR,pro,vision,True,94,40,80,69.5,yes,Low,occupancy_counting,direct,"occupancy counting; competitor evidence=direct; estimated reach=40% of the assumed Nexus customer mix; business value reflects outcome severity, economic exposure, response urgency, and buyer willingness-to-pay."
45,door-propped,Door-Zone Baseline Change,Property & Liability,starter,vision,True,78,45,84,68.85,yes,High,perimeter_object_analytics,adjacent,"perimeter object analytics; competitor evidence=adjacent; estimated reach=45% of the assumed Nexus customer mix; business value reflects outcome severity, economic exposure, response urgency, and buyer willingness-to-pay."
46,door-operation-verification,Door Operation Verification,Security & Access,pro,vision,True,92,32,86,68.6,yes,Low,access_video_correlation,direct,"access video correlation; competitor evidence=direct; estimated reach=32% of the assumed Nexus customer mix; business value reflects outcome severity, economic exposure, response urgency, and buyer willingness-to-pay."
47,access-remote-unlock-ledger,Remote Unlock Event Ledger,Compliance,pro,access,False,82,40,85,68.5,yes,Low,access_control_workflow,direct,"access control workflow; competitor evidence=direct; estimated reach=40% of the assumed Nexus customer mix; business value reflects outcome severity, economic exposure, response urgency, and buyer willingness-to-pay."
48,occupancy-reconciliation,Occupancy Reconciliation,Security & Access,pro,vision,True,92,30,84,67.1,yes,High,access_video_correlation,direct,"access video correlation; competitor evidence=direct; estimated reach=30% of the assumed Nexus customer mix; business value reflects outcome severity, economic exposure, response urgency, and buyer willingness-to-pay."
49,tenant-after-hours,Per-Tenant After-Hours Watch,Security & Access,pro,vision,True,94,28,83,66.5,yes,Low,loitering_intrusion,direct,"loitering intrusion; competitor evidence=direct; estimated reach=28% of the assumed Nexus customer mix; business value reflects outcome severity, economic exposure, response urgency, and buyer willingness-to-pay."
50,crane-exclusion,Crane Exclusion-Zone Presence Alert,People & Safety,enterprise,vision,True,94,12,95,65.7,yes,Low,loitering_intrusion,direct,"loitering intrusion; competitor evidence=direct; estimated reach=12% of the assumed Nexus customer mix; business value reflects outcome severity, economic exposure, response urgency, and buyer willingness-to-pay."
51,lot-occupancy,Parking Lot Occupancy,Automotive & Parking,starter,vision,True,94,38,72,65.6,yes,Low,occupancy_counting,direct,"occupancy counting; competitor evidence=direct; estimated reach=38% of the assumed Nexus customer mix; business value reflects outcome severity, economic exposure, response urgency, and buyer willingness-to-pay."
52,access-door-alarm-duration-ledger,Door Alarm Duration Ledger,Compliance,pro,access,False,82,35,80,64.75,yes,Low,access_control_workflow,direct,"access control workflow; competitor evidence=direct; estimated reach=35% of the assumed Nexus customer mix; business value reflects outcome severity, economic exposure, response urgency, and buyer willingness-to-pay."
53,forklift-speed,Shared-Lane Vehicle Motion Alert,Manufacturing & Warehouse,pro,vision,True,90,14,91,63.8,yes,High,ppe_safety,direct,"ppe safety; competitor evidence=direct; estimated reach=14% of the assumed Nexus customer mix; business value reflects outcome severity, economic exposure, response urgency, and buyer willingness-to-pay."
54,protect-camera-discovery-failure-log,Protect Camera Discovery Failure Log,Security & Access,pro,protect,False,72,60,62,63.8,yes,Medium,camera_stream_health,adjacent,"camera stream health; competitor evidence=adjacent; estimated reach=60% of the assumed Nexus customer mix; business value reflects outcome severity, economic exposure, response urgency, and buyer willingness-to-pay."
55,protect-event-poll-health,Protect Event Poll Health,Security & Access,pro,protect,False,72,58,62,63.1,yes,Medium,camera_stream_health,adjacent,"camera stream health; competitor evidence=adjacent; estimated reach=58% of the assumed Nexus customer mix; business value reflects outcome severity, economic exposure, response urgency, and buyer willingness-to-pay."
56,overnight-parking,Overnight Parking Watch,Automotive & Parking,starter,vision,True,86,34,74,63.0,yes,Low,vehicle_parking,direct,"vehicle parking; competitor evidence=direct; estimated reach=34% of the assumed Nexus customer mix; business value reflects outcome severity, economic exposure, response urgency, and buyer willingness-to-pay."
57,rtsp-decode-error-rate,RTSP Decode Error Rate,Security & Access,pro,protect,True,72,55,62,62.05,yes,Medium,camera_stream_health,adjacent,"camera stream health; competitor evidence=adjacent; estimated reach=55% of the assumed Nexus customer mix; business value reflects outcome severity, economic exposure, response urgency, and buyer willingness-to-pay."
58,customer-wait-alert,Service-Zone Dwell Alert,Retail & QSR,starter,vision,True,88,25,78,61.95,yes,High,dwell_flow_bi,direct,"dwell flow bi; competitor evidence=direct; estimated reach=25% of the assumed Nexus customer mix; business value reflects outcome severity, economic exposure, response urgency, and buyer willingness-to-pay."
59,lighting-outage,Low-Luminance Lighting Watch,Property & Liability,starter,vision,True,90,35,68,61.95,yes,High,camera_image_health,direct,"camera image health; competitor evidence=direct; estimated reach=35% of the assumed Nexus customer mix; business value reflects outcome severity, economic exposure, response urgency, and buyer willingness-to-pay."
60,snapshot-last-good-frame,Last Good Frame Snapshot,Security & Access,pro,protect,True,78,35,72,60.55,yes,Medium,vms_evidence_support,adjacent,"vms evidence support; competitor evidence=adjacent; estimated reach=35% of the assumed Nexus customer mix; business value reflects outcome severity, economic exposure, response urgency, and buyer willingness-to-pay."
61,drive-thru-timer,Drive-Thru Service Timer,Retail & QSR,pro,vision,True,88,18,80,60.3,yes,High,dwell_flow_bi,direct,"dwell flow bi; competitor evidence=direct; estimated reach=18% of the assumed Nexus customer mix; business value reflects outcome severity, economic exposure, response urgency, and buyer willingness-to-pay."
62,rtsp-frame-gap-watch,RTSP Frame Gap Watch,Security & Access,pro,protect,True,72,50,62,60.3,yes,Medium,camera_stream_health,adjacent,"camera stream health; competitor evidence=adjacent; estimated reach=50% of the assumed Nexus customer mix; business value reflects outcome severity, economic exposure, response urgency, and buyer willingness-to-pay."
63,rtsp-rolling-quality-digest,RTSP Rolling Quality Digest,Intelligence,pro,protect,True,72,50,62,60.3,yes,Medium,camera_stream_health,adjacent,"camera stream health; competitor evidence=adjacent; estimated reach=50% of the assumed Nexus customer mix; business value reflects outcome severity, economic exposure, response urgency, and buyer willingness-to-pay."
64,pool-capacity,Pool-Area Person Count,People & Safety,starter,vision,True,94,10,82,59.8,yes,Low,occupancy_counting,direct,"occupancy counting; competitor evidence=direct; estimated reach=10% of the assumed Nexus customer mix; business value reflects outcome severity, economic exposure, response urgency, and buyer willingness-to-pay."
65,curbside-arrival,Curbside Pickup Arrival,Automotive & Parking,starter,vision,True,86,24,74,59.5,yes,Low,vehicle_parking,direct,"vehicle parking; competitor evidence=direct; estimated reach=24% of the assumed Nexus customer mix; business value reflects outcome severity, economic exposure, response urgency, and buyer willingness-to-pay."
66,aggression-posture,Raised-Arm Motion Review,People & Safety,enterprise,vision,True,70,25,82,59.05,yes,High,perimeter_object_analytics,adjacent,"perimeter object analytics; competitor evidence=adjacent; estimated reach=25% of the assumed Nexus customer mix; business value reflects outcome severity, economic exposure, response urgency, and buyer willingness-to-pay."
67,truck-turn-time,Truck Yard Dwell Estimate,Manufacturing & Warehouse,pro,vision,True,88,14,80,58.9,yes,Low,dwell_flow_bi,direct,"dwell flow bi; competitor evidence=direct; estimated reach=14% of the assumed Nexus customer mix; business value reflects outcome severity, economic exposure, response urgency, and buyer willingness-to-pay."
68,dwell-analytics,Zone Dwell Analytics,Retail & QSR,pro,vision,True,88,30,66,58.9,yes,Low,dwell_flow_bi,direct,"dwell flow bi; competitor evidence=direct; estimated reach=30% of the assumed Nexus customer mix; business value reflects outcome severity, economic exposure, response urgency, and buyer willingness-to-pay."
69,conveyor-jam,Conveyor Stalled-Object Review,Manufacturing & Warehouse,pro,vision,True,86,10,84,58.6,yes,Low,perimeter_object_analytics,direct,"perimeter object analytics; competitor evidence=direct; estimated reach=10% of the assumed Nexus customer mix; business value reflects outcome severity, economic exposure, response urgency, and buyer willingness-to-pay."
70,child-safety-zone,Small-Person Restricted-Zone Alert,People & Safety,pro,vision,True,68,10,94,58.1,yes,High,perimeter_object_analytics,adjacent,"perimeter object analytics; competitor evidence=adjacent; estimated reach=10% of the assumed Nexus customer mix; business value reflects outcome severity, economic exposure, response urgency, and buyer willingness-to-pay."
71,bus-loop-safety,Bus Loop Safety,People & Safety,starter,vision,True,74,8,92,58.1,yes,Medium,ppe_safety,adjacent,"ppe safety; competitor evidence=adjacent; estimated reach=8% of the assumed Nexus customer mix; business value reflects outcome severity, economic exposure, response urgency, and buyer willingness-to-pay."
72,machine-monopoly,Machine-Row Dwell Watch,Retail & QSR,starter,vision,True,88,30,64,58.1,yes,Low,dwell_flow_bi,direct,"dwell flow bi; competitor evidence=direct; estimated reach=30% of the assumed Nexus customer mix; business value reflects outcome severity, economic exposure, response urgency, and buyer willingness-to-pay."
73,atm-vestibule-watch,ATM Vestibule Watch,Security & Access,pro,vision,True,82,18,78,58.0,yes,Medium,loitering_intrusion,adjacent,"loitering intrusion; competitor evidence=adjacent; estimated reach=18% of the assumed Nexus customer mix; business value reflects outcome severity, economic exposure, response urgency, and buyer willingness-to-pay."
74,waiting-room-overflow,Waiting Room Overflow,Healthcare & Senior Living,starter,vision,True,94,9,78,57.85,yes,Low,occupancy_counting,direct,"occupancy counting; competitor evidence=direct; estimated reach=9% of the assumed Nexus customer mix; business value reflects outcome severity, economic exposure, response urgency, and buyer willingness-to-pay."
75,magnet-crane-exclusion,Magnet-Crane Exclusion-Zone Alert,People & Safety,enterprise,vision,True,72,5,95,57.75,yes,Medium,loitering_intrusion,adjacent,"loitering intrusion; competitor evidence=adjacent; estimated reach=5% of the assumed Nexus customer mix; business value reflects outcome severity, economic exposure, response urgency, and buyer willingness-to-pay."
76,ev-charger-blocked,EV Charger Blocked,Automotive & Parking,starter,vision,True,92,25,65,57.75,yes,Low,object_left_blocked,direct,"object left blocked; competitor evidence=direct; estimated reach=25% of the assumed Nexus customer mix; business value reflects outcome severity, economic exposure, response urgency, and buyer willingness-to-pay."
77,splash-pad-capacity,Splash Pad Capacity,People & Safety,starter,vision,True,94,4,82,57.7,yes,Low,occupancy_counting,direct,"occupancy counting; competitor evidence=direct; estimated reach=4% of the assumed Nexus customer mix; business value reflects outcome severity, economic exposure, response urgency, and buyer willingness-to-pay."
78,laundromat-overnight,Laundromat Overnight Watch,Security & Access,starter,vision,True,94,8,78,57.5,yes,Low,loitering_intrusion,direct,"loitering intrusion; competitor evidence=direct; estimated reach=8% of the assumed Nexus customer mix; business value reflects outcome severity, economic exposure, response urgency, and buyer willingness-to-pay."
79,protect-camera-unnamed-records,Protect Unnamed Camera Records,Compliance,starter,protect,False,72,42,62,57.5,yes,Medium,camera_stream_health,adjacent,"camera stream health; competitor evidence=adjacent; estimated reach=42% of the assumed Nexus customer mix; business value reflects outcome severity, economic exposure, response urgency, and buyer willingness-to-pay."
80,protect-event-camera-reference-audit,Protect Event Camera Reference Audit,Compliance,pro,protect,False,72,42,62,57.5,yes,Medium,camera_stream_health,adjacent,"camera stream health; competitor evidence=adjacent; estimated reach=42% of the assumed Nexus customer mix; business value reflects outcome severity, economic exposure, response urgency, and buyer willingness-to-pay."
81,protect-event-duplicate-id-audit,Protect Duplicate Event ID Audit,Compliance,pro,protect,False,72,42,62,57.5,no,Medium,camera_stream_health,adjacent,"camera stream health; competitor evidence=adjacent; estimated reach=42% of the assumed Nexus customer mix; business value reflects outcome severity, economic exposure, response urgency, and buyer willingness-to-pay."
82,protect-event-order-anomaly,Protect Event Order Anomaly,Compliance,pro,protect,False,72,42,62,57.5,no,Medium,camera_stream_health,adjacent,"camera stream health; competitor evidence=adjacent; estimated reach=42% of the assumed Nexus customer mix; business value reflects outcome severity, economic exposure, response urgency, and buyer willingness-to-pay."
83,protect-rtsp-availability-delta,Protect RTSP Availability Delta,Compliance,pro,protect,False,72,42,62,57.5,no,Medium,camera_stream_health,adjacent,"camera stream health; competitor evidence=adjacent; estimated reach=42% of the assumed Nexus customer mix; business value reflects outcome severity, economic exposure, response urgency, and buyer willingness-to-pay."
84,protect-rtsp-enable-audit,Protect RTSP Enablement Audit,Compliance,starter,protect,False,72,42,62,57.5,no,Medium,camera_stream_health,adjacent,"camera stream health; competitor evidence=adjacent; estimated reach=42% of the assumed Nexus customer mix; business value reflects outcome severity, economic exposure, response urgency, and buyer willingness-to-pay."
85,rtsp-focus-zone-sharpness,RTSP Focus-Zone Sharpness,Compliance,pro,protect,True,72,42,62,57.5,no,Medium,camera_stream_health,adjacent,"camera stream health; competitor evidence=adjacent; estimated reach=42% of the assumed Nexus customer mix; business value reflects outcome severity, economic exposure, response urgency, and buyer willingness-to-pay."
86,protect-event-camera-coverage,Protect Event Camera Coverage,Compliance,pro,protect,False,72,42,62,57.5,no,High,camera_stream_health,adjacent,"camera stream health; competitor evidence=adjacent; estimated reach=42% of the assumed Nexus customer mix; business value reflects outcome severity, economic exposure, response urgency, and buyer willingness-to-pay."
87,protect-stream-profile-drift,Protect Stream Profile Drift,Compliance,pro,protect,False,72,42,62,57.5,no,High,camera_stream_health,adjacent,"camera stream health; competitor evidence=adjacent; estimated reach=42% of the assumed Nexus customer mix; business value reflects outcome severity, economic exposure, response urgency, and buyer willingness-to-pay."
88,rtsp-resolution-drift,RTSP Resolution Drift,Compliance,pro,protect,True,72,42,62,57.5,no,High,camera_stream_health,adjacent,"camera stream health; competitor evidence=adjacent; estimated reach=42% of the assumed Nexus customer mix; business value reflects outcome severity, economic exposure, response urgency, and buyer willingness-to-pay."
89,shelf-stockout,Shelf Stockout Alert,Retail & QSR,enterprise,vision,True,78,17,80,57.45,no,High,retail_operations,adjacent,"retail operations; competitor evidence=adjacent; estimated reach=17% of the assumed Nexus customer mix; business value reflects outcome severity, economic exposure, response urgency, and buyer willingness-to-pay."
90,dock-utilization,Dock Door Utilization,Manufacturing & Warehouse,pro,vision,True,88,16,74,57.2,no,Low,dwell_flow_bi,direct,"dwell flow bi; competitor evidence=direct; estimated reach=16% of the assumed Nexus customer mix; business value reflects outcome severity, economic exposure, response urgency, and buyer willingness-to-pay."
91,cart-path-violation,Cart Path Violation,Property & Liability,starter,vision,True,78,30,68,57.2,no,Medium,vms_evidence_support,adjacent,"vms evidence support; competitor evidence=adjacent; estimated reach=30% of the assumed Nexus customer mix; business value reflects outcome severity, economic exposure, response urgency, and buyer willingness-to-pay."
92,hall-pass-monitor,Hall Pass Monitor,People & Safety,pro,vision,True,58,28,82,57.1,no,High,vertical_visual_workflow,adjacent,"vertical visual workflow; competitor evidence=adjacent; estimated reach=28% of the assumed Nexus customer mix; business value reflects outcome severity, economic exposure, response urgency, and buyer willingness-to-pay."
93,nap-room-check,Nap-Room Motion Check,People & Safety,pro,vision,True,58,28,82,57.1,no,High,vertical_visual_workflow,adjacent,"vertical visual workflow; competitor evidence=adjacent; estimated reach=28% of the assumed Nexus customer mix; business value reflects outcome severity, economic exposure, response urgency, and buyer willingness-to-pay."
94,seal-check,Trailer Rear-State Change,Manufacturing & Warehouse,enterprise,vision,True,74,30,70,57.0,no,High,industrial_operations,adjacent,"industrial operations; competitor evidence=adjacent; estimated reach=30% of the assumed Nexus customer mix; business value reflects outcome severity, economic exposure, response urgency, and buyer willingness-to-pay."
95,rtsp-low-contrast-watch,RTSP Low Contrast Watch,Property & Liability,pro,protect,True,90,30,60,57.0,no,Low,camera_image_health,direct,"camera image health; competitor evidence=direct; estimated reach=30% of the assumed Nexus customer mix; business value reflects outcome severity, economic exposure, response urgency, and buyer willingness-to-pay."
96,rtsp-overexposed-frame-rate,RTSP Overexposed Frame Rate,Property & Liability,pro,protect,True,90,30,60,57.0,no,Low,camera_image_health,direct,"camera image health; competitor evidence=direct; estimated reach=30% of the assumed Nexus customer mix; business value reflects outcome severity, economic exposure, response urgency, and buyer willingness-to-pay."
97,service-lane-cycle,Service Lane Cycle Time,Automotive & Parking,pro,vision,True,88,10,78,56.7,no,High,dwell_flow_bi,direct,"dwell flow bi; competitor evidence=direct; estimated reach=10% of the assumed Nexus customer mix; business value reflects outcome severity, economic exposure, response urgency, and buyer willingness-to-pay."
98,pharmacy-window-queue,Pharmacy Pickup-Zone Queue Estimate,Healthcare & Senior Living,starter,vision,True,94,7,76,56.35,no,Low,occupancy_counting,direct,"occupancy counting; competitor evidence=direct; estimated reach=7% of the assumed Nexus customer mix; business value reflects outcome severity, economic exposure, response urgency, and buyer willingness-to-pay."
99,livestock-down,Pen Motion Watch,People & Safety,pro,vision,True,58,28,80,56.3,no,High,vertical_visual_workflow,adjacent,"vertical visual workflow; competitor evidence=adjacent; estimated reach=28% of the assumed Nexus customer mix; business value reflects outcome severity, economic exposure, response urgency, and buyer willingness-to-pay."
100,access-all-event-burst,Access Event Burst Review,Security & Access,pro,access,False,58,30,78,56.2,no,High,vertical_visual_workflow,adjacent,"vertical visual workflow; competitor evidence=adjacent; estimated reach=30% of the assumed Nexus customer mix; business value reflects outcome severity, economic exposure, response urgency, and buyer willingness-to-pay."
101,coolant-leak-visual,Dark Floor-Region Change,Property & Liability,pro,vision,True,74,30,68,56.2,no,High,industrial_operations,adjacent,"industrial operations; competitor evidence=adjacent; estimated reach=30% of the assumed Nexus customer mix; business value reflects outcome severity, economic exposure, response urgency, and buyer willingness-to-pay."
102,hand-hygiene,Sink-Stop Sequence Check,Compliance,enterprise,vision,True,72,8,88,56.0,no,High,ppe_safety,adjacent,"ppe safety; competitor evidence=adjacent; estimated reach=8% of the assumed Nexus customer mix; business value reflects outcome severity, economic exposure, response urgency, and buyer willingness-to-pay."
103,pool-drowning-watch,Pool Stillness Review,People & Safety,enterprise,vision,True,58,6,98,55.8,no,High,vertical_visual_workflow,adjacent,"vertical visual workflow; competitor evidence=adjacent; estimated reach=6% of the assumed Nexus customer mix; business value reflects outcome severity, economic exposure, response urgency, and buyer willingness-to-pay."
104,change-machine-watch,Change Machine Watch,Security & Access,starter,vision,True,88,7,78,55.65,no,Low,dwell_flow_bi,direct,"dwell flow bi; competitor evidence=direct; estimated reach=7% of the assumed Nexus customer mix; business value reflects outcome severity, economic exposure, response urgency, and buyer willingness-to-pay."
105,two-person-rule,Solo Server-Room Dwell Alert,Compliance,enterprise,vision,True,72,16,80,55.6,no,Medium,occupancy_counting,adjacent,"occupancy counting; competitor evidence=adjacent; estimated reach=16% of the assumed Nexus customer mix; business value reflects outcome severity, economic exposure, response urgency, and buyer willingness-to-pay."
106,opening-time-snapshot,Opening-Time Snapshot,Retail & QSR,pro,protect,True,78,30,64,55.6,no,Medium,vms_evidence_support,adjacent,"vms evidence support; competitor evidence=adjacent; estimated reach=30% of the assumed Nexus customer mix; business value reflects outcome severity, economic exposure, response urgency, and buyer willingness-to-pay."
107,viewing-room-privacy,Viewing Room Privacy Window,Compliance,pro,vision,True,94,20,62,55.3,no,Low,loitering_intrusion,direct,"loitering intrusion; competitor evidence=direct; estimated reach=20% of the assumed Nexus customer mix; business value reflects outcome severity, economic exposure, response urgency, and buyer willingness-to-pay."
108,machine-idle,Machine-Zone Motion-Energy Summary,Manufacturing & Warehouse,enterprise,vision,True,88,15,70,55.25,no,Low,dwell_flow_bi,direct,"dwell flow bi; competitor evidence=direct; estimated reach=15% of the assumed Nexus customer mix; business value reflects outcome severity, economic exposure, response urgency, and buyer willingness-to-pay."
109,yard-dwell,Trailer Yard Dwell,Manufacturing & Warehouse,pro,vision,True,88,10,74,55.1,no,Low,dwell_flow_bi,direct,"dwell flow bi; competitor evidence=direct; estimated reach=10% of the assumed Nexus customer mix; business value reflects outcome severity, economic exposure, response urgency, and buyer willingness-to-pay."
110,protect-event-silence-watch,Protect Event Silence Watch,Security & Access,pro,protect,False,72,35,62,55.05,no,Medium,camera_stream_health,adjacent,"camera stream health; competitor evidence=adjacent; estimated reach=35% of the assumed Nexus customer mix; business value reflects outcome severity, economic exposure, response urgency, and buyer willingness-to-pay."
111,pallet-count,Staging Object Count,Manufacturing & Warehouse,enterprise,vision,True,94,13,67,54.85,no,Low,occupancy_counting,direct,"occupancy counting; competitor evidence=direct; estimated reach=13% of the assumed Nexus customer mix; business value reflects outcome severity, economic exposure, response urgency, and buyer willingness-to-pay."
112,scheduled-reference-snapshot,Scheduled Reference Snapshot,Compliance,pro,protect,True,78,30,62,54.8,no,Medium,vms_evidence_support,adjacent,"vms evidence support; competitor evidence=adjacent; estimated reach=30% of the assumed Nexus customer mix; business value reflects outcome severity, economic exposure, response urgency, and buyer willingness-to-pay."
113,snapshot-checksum-manifest,Snapshot Checksum Manifest,Compliance,pro,protect,True,78,30,62,54.8,no,Medium,vms_evidence_support,adjacent,"vms evidence support; competitor evidence=adjacent; estimated reach=30% of the assumed Nexus customer mix; business value reflects outcome severity, economic exposure, response urgency, and buyer willingness-to-pay."
114,snapshot-retention-audit,Snapshot Retention Audit,Compliance,pro,protect,True,78,30,62,54.8,no,Medium,vms_evidence_support,adjacent,"vms evidence support; competitor evidence=adjacent; estimated reach=30% of the assumed Nexus customer mix; business value reflects outcome severity, economic exposure, response urgency, and buyer willingness-to-pay."
115,snapshot-zone-crop,Snapshot Zone Crop,Compliance,pro,protect,True,78,30,62,54.8,no,Medium,vms_evidence_support,adjacent,"vms evidence support; competitor evidence=adjacent; estimated reach=30% of the assumed Nexus customer mix; business value reflects outcome severity, economic exposure, response urgency, and buyer willingness-to-pay."
116,table-turn,Table Turn Tracker,Retail & QSR,pro,vision,True,88,15,68,54.45,no,Low,dwell_flow_bi,direct,"dwell flow bi; competitor evidence=direct; estimated reach=15% of the assumed Nexus customer mix; business value reflects outcome severity, economic exposure, response urgency, and buyer willingness-to-pay."
117,playground-alone,Lone Small-Figure Playground Alert,People & Safety,pro,vision,True,62,6,92,54.4,no,High,perimeter_object_analytics,adjacent,"perimeter object analytics; competitor evidence=adjacent; estimated reach=6% of the assumed Nexus customer mix; business value reflects outcome severity, economic exposure, response urgency, and buyer willingness-to-pay."
118,gate-cycle-time,Gate Cycle Time,Manufacturing & Warehouse,pro,vision,True,88,12,70,54.2,no,Low,dwell_flow_bi,direct,"dwell flow bi; competitor evidence=direct; estimated reach=12% of the assumed Nexus customer mix; business value reflects outcome severity, economic exposure, response urgency, and buyer willingness-to-pay."
119,specimen-chain,Specimen Drop-Zone Dwell Log,Healthcare & Senior Living,enterprise,vision,True,88,5,76,54.15,no,Low,dwell_flow_bi,direct,"dwell flow bi; competitor evidence=direct; estimated reach=5% of the assumed Nexus customer mix; business value reflects outcome severity, economic exposure, response urgency, and buyer willingness-to-pay."
120,access-first-last-door-event,Daily First and Last Door Event,Intelligence,pro,access,False,94,28,52,54.1,no,Low,occupancy_counting,direct,"occupancy counting; competitor evidence=direct; estimated reach=28% of the assumed Nexus customer mix; business value reflects outcome severity, economic exposure, response urgency, and buyer willingness-to-pay."
121,play-yard-cluster,Play Yard Motion Spike,People & Safety,pro,vision,True,78,5,82,54.05,no,High,vms_evidence_support,adjacent,"vms evidence support; competitor evidence=adjacent; estimated reach=5% of the assumed Nexus customer mix; business value reflects outcome severity, economic exposure, response urgency, and buyer willingness-to-pay."
122,protect-event-burst-review,Protect Event Burst Review,Security & Access,pro,protect,False,72,32,62,54.0,no,Medium,camera_stream_health,adjacent,"camera stream health; competitor evidence=adjacent; estimated reach=32% of the assumed Nexus customer mix; business value reflects outcome severity, economic exposure, response urgency, and buyer willingness-to-pay."
123,tarmac-fod,Ramp Change Watch,People & Safety,enterprise,vision,True,58,3,96,53.95,no,High,perimeter_object_analytics,adjacent,"perimeter object analytics; competitor evidence=adjacent; estimated reach=3% of the assumed Nexus customer mix; business value reflects outcome severity, economic exposure, response urgency, and buyer willingness-to-pay."
124,wash-bay-queue,Service Bay Queue,Manufacturing & Warehouse,starter,vision,True,94,7,70,53.95,no,High,occupancy_counting,direct,"occupancy counting; competitor evidence=direct; estimated reach=7% of the assumed Nexus customer mix; business value reflects outcome severity, economic exposure, response urgency, and buyer willingness-to-pay."
125,protect-camera-count-trend,Protect Camera Count Trend,Intelligence,pro,protect,False,72,42,52,53.5,no,Medium,camera_stream_health,adjacent,"camera stream health; competitor evidence=adjacent; estimated reach=42% of the assumed Nexus customer mix; business value reflects outcome severity, economic exposure, response urgency, and buyer willingness-to-pay."
126,protect-camera-fleet-inventory,Protect Camera Fleet Inventory,Intelligence,pro,protect,False,72,42,52,53.5,no,Medium,camera_stream_health,adjacent,"camera stream health; competitor evidence=adjacent; estimated reach=42% of the assumed Nexus customer mix; business value reflects outcome severity, economic exposure, response urgency, and buyer willingness-to-pay."
127,protect-camera-state-flap-log,Protect Camera State Flap Log,Intelligence,pro,protect,False,72,42,52,53.5,no,Medium,camera_stream_health,adjacent,"camera stream health; competitor evidence=adjacent; estimated reach=42% of the assumed Nexus customer mix; business value reflects outcome severity, economic exposure, response urgency, and buyer willingness-to-pay."
128,protect-event-daily-digest,Protect Event Daily Digest,Intelligence,pro,protect,False,72,42,52,53.5,no,Medium,camera_stream_health,adjacent,"camera stream health; competitor evidence=adjacent; estimated reach=42% of the assumed Nexus customer mix; business value reflects outcome severity, economic exposure, response urgency, and buyer willingness-to-pay."
129,protect-event-duration-outlier,Protect Event Duration Outlier Report,Intelligence,pro,protect,False,72,42,52,53.5,no,Medium,camera_stream_health,adjacent,"camera stream health; competitor evidence=adjacent; estimated reach=42% of the assumed Nexus customer mix; business value reflects outcome severity, economic exposure, response urgency, and buyer willingness-to-pay."
130,protect-event-hourly-histogram,Protect Event Hourly Histogram,Intelligence,pro,protect,False,72,42,52,53.5,no,Medium,camera_stream_health,adjacent,"camera stream health; competitor evidence=adjacent; estimated reach=42% of the assumed Nexus customer mix; business value reflects outcome severity, economic exposure, response urgency, and buyer willingness-to-pay."
131,protect-event-ingest-lag,Protect Event Ingest Lag,Intelligence,pro,protect,False,72,42,52,53.5,no,Medium,camera_stream_health,adjacent,"camera stream health; competitor evidence=adjacent; estimated reach=42% of the assumed Nexus customer mix; business value reflects outcome severity, economic exposure, response urgency, and buyer willingness-to-pay."
132,rtsp-effective-fps,RTSP Effective FPS Monitor,Intelligence,pro,protect,True,72,42,52,53.5,no,Medium,camera_stream_health,adjacent,"camera stream health; competitor evidence=adjacent; estimated reach=42% of the assumed Nexus customer mix; business value reflects outcome severity, economic exposure, response urgency, and buyer willingness-to-pay."
133,rtsp-reconnect-rate,RTSP Reconnect Rate,Intelligence,pro,protect,True,72,42,52,53.5,no,Medium,camera_stream_health,adjacent,"camera stream health; competitor evidence=adjacent; estimated reach=42% of the assumed Nexus customer mix; business value reflects outcome severity, economic exposure, response urgency, and buyer willingness-to-pay."
134,protect-event-rate-baseline,Protect Event Rate Baseline,Intelligence,pro,protect,False,72,42,52,53.5,no,High,camera_stream_health,adjacent,"camera stream health; competitor evidence=adjacent; estimated reach=42% of the assumed Nexus customer mix; business value reflects outcome severity, economic exposure, response urgency, and buyer willingness-to-pay."
135,rtsp-frame-hash-duplication,RTSP Duplicate Frame Hash Report,Intelligence,pro,protect,True,72,42,52,53.5,no,High,camera_stream_health,adjacent,"camera stream health; competitor evidence=adjacent; estimated reach=42% of the assumed Nexus customer mix; business value reflects outcome severity, economic exposure, response urgency, and buyer willingness-to-pay."
136,protect-camera-discovery-delta,Protect Camera Discovery Delta,Security & Access,pro,protect,False,72,30,62,53.3,no,Medium,camera_stream_health,adjacent,"camera stream health; competitor evidence=adjacent; estimated reach=30% of the assumed Nexus customer mix; business value reflects outcome severity, economic exposure, response urgency, and buyer willingness-to-pay."
137,fuel-dock-dwell,Fuel Dock Dwell,Intelligence,starter,vision,True,88,30,52,53.3,no,Low,dwell_flow_bi,direct,"dwell flow bi; competitor evidence=direct; estimated reach=30% of the assumed Nexus customer mix; business value reflects outcome severity, economic exposure, response urgency, and buyer willingness-to-pay."
138,funeral-home-flow,Visitation Room Flow,Intelligence,starter,vision,True,88,30,52,53.3,no,Low,dwell_flow_bi,direct,"dwell flow bi; competitor evidence=direct; estimated reach=30% of the assumed Nexus customer mix; business value reflects outcome severity, economic exposure, response urgency, and buyer willingness-to-pay."
139,housekeeping-pace,Housekeeping Pace Tracker,Intelligence,pro,vision,True,88,30,52,53.3,no,Low,dwell_flow_bi,direct,"dwell flow bi; competitor evidence=direct; estimated reach=30% of the assumed Nexus customer mix; business value reflects outcome severity, economic exposure, response urgency, and buyer willingness-to-pay."
140,vending-route-verify,Vending Route Verification,Intelligence,pro,vision,True,88,30,52,53.3,no,High,dwell_flow_bi,direct,"dwell flow bi; competitor evidence=direct; estimated reach=30% of the assumed Nexus customer mix; business value reflects outcome severity, economic exposure, response urgency, and buyer willingness-to-pay."
141,snapshot-write-health,Snapshot Write Health,Security & Access,pro,protect,True,78,30,58,53.2,no,Medium,vms_evidence_support,adjacent,"vms evidence support; competitor evidence=adjacent; estimated reach=30% of the assumed Nexus customer mix; business value reflects outcome severity, economic exposure, response urgency, and buyer willingness-to-pay."
142,hangar-door-state,Hangar Door After-Hours,Security & Access,starter,vision,True,72,9,80,53.15,no,Medium,perimeter_object_analytics,adjacent,"perimeter object analytics; competitor evidence=adjacent; estimated reach=9% of the assumed Nexus customer mix; business value reflects outcome severity, economic exposure, response urgency, and buyer willingness-to-pay."
143,scrap-scale-queue,Scale House Queue,Manufacturing & Warehouse,pro,vision,True,94,4,70,52.9,no,Low,occupancy_counting,direct,"occupancy counting; competitor evidence=direct; estimated reach=4% of the assumed Nexus customer mix; business value reflects outcome severity, economic exposure, response urgency, and buyer willingness-to-pay."
144,pump-turns,Pump Turn Counter,Intelligence,starter,vision,True,86,30,52,52.8,no,Low,vehicle_parking,direct,"vehicle parking; competitor evidence=direct; estimated reach=30% of the assumed Nexus customer mix; business value reflects outcome severity, economic exposure, response urgency, and buyer willingness-to-pay."
145,handicap-stall-monitor,Accessible Stall Usage Log,Automotive & Parking,starter,vision,True,94,15,60,52.75,no,High,occupancy_counting,direct,"occupancy counting; competitor evidence=direct; estimated reach=15% of the assumed Nexus customer mix; business value reflects outcome severity, economic exposure, response urgency, and buyer willingness-to-pay."
146,manual-review-snapshot,Manual Review Snapshot,Security & Access,pro,protect,True,78,24,62,52.7,no,Medium,vms_evidence_support,adjacent,"vms evidence support; competitor evidence=adjacent; estimated reach=24% of the assumed Nexus customer mix; business value reflects outcome severity, economic exposure, response urgency, and buyer willingness-to-pay."
147,access-door-activity-heatmap,Door Activity Heatmap,Intelligence,pro,access,False,88,28,52,52.6,no,Low,dwell_flow_bi,direct,"dwell flow bi; competitor evidence=direct; estimated reach=28% of the assumed Nexus customer mix; business value reflects outcome severity, economic exposure, response urgency, and buyer willingness-to-pay."
148,mri-zone-safety,MRI Approach Presence Alert,Healthcare & Senior Living,enterprise,vision,True,58,3,92,52.35,no,Medium,loitering_intrusion,adjacent,"loitering intrusion; competitor evidence=adjacent; estimated reach=3% of the assumed Nexus customer mix; business value reflects outcome severity, economic exposure, response urgency, and buyer willingness-to-pay."
149,rack-door-open,Rack Door Watch,Security & Access,pro,vision,True,72,9,78,52.35,no,High,perimeter_object_analytics,adjacent,"perimeter object analytics; competitor evidence=adjacent; estimated reach=9% of the assumed Nexus customer mix; business value reflects outcome severity, economic exposure, response urgency, and buyer willingness-to-pay."
150,snow-ice-watch,White-Coverage Walkway Watch,Property & Liability,starter,vision,True,58,30,68,52.2,no,High,vertical_visual_workflow,adjacent,"vertical visual workflow; competitor evidence=adjacent; estimated reach=30% of the assumed Nexus customer mix; business value reflects outcome severity, economic exposure, response urgency, and buyer willingness-to-pay."
151,ice-cooler-stock,Ice Cooler Stock Watch,Retail & QSR,starter,vision,True,78,20,64,52.1,no,High,retail_operations,adjacent,"retail operations; competitor evidence=adjacent; estimated reach=20% of the assumed Nexus customer mix; business value reflects outcome severity, economic exposure, response urgency, and buyer willingness-to-pay."
152,driver-cab-time,Cab/Dock Concurrent Presence,Manufacturing & Warehouse,enterprise,vision,True,74,15,70,51.75,no,Medium,industrial_operations,adjacent,"industrial operations; competitor evidence=adjacent; estimated reach=15% of the assumed Nexus customer mix; business value reflects outcome severity, economic exposure, response urgency, and buyer willingness-to-pay."
153,pay-station-queue,Pay Station Queue,Automotive & Parking,starter,vision,True,94,12,60,51.7,no,Low,occupancy_counting,direct,"occupancy counting; competitor evidence=direct; estimated reach=12% of the assumed Nexus customer mix; business value reflects outcome severity, economic exposure, response urgency, and buyer willingness-to-pay."
154,unit-door-open,Storage Unit Door Watch,Security & Access,starter,vision,True,72,7,78,51.65,no,High,perimeter_object_analytics,adjacent,"perimeter object analytics; competitor evidence=adjacent; estimated reach=7% of the assumed Nexus customer mix; business value reflects outcome severity, economic exposure, response urgency, and buyer willingness-to-pay."
155,pump-dwell,Pump Dwell Time,Automotive & Parking,starter,vision,True,88,16,60,51.6,no,Low,dwell_flow_bi,direct,"dwell flow bi; competitor evidence=direct; estimated reach=16% of the assumed Nexus customer mix; business value reflects outcome severity, economic exposure, response urgency, and buyer willingness-to-pay."
156,protect-event-jsonl-archive,Protect Event JSONL Archive,Compliance,pro,protect,False,78,20,62,51.3,no,Medium,vms_evidence_support,adjacent,"vms evidence support; competitor evidence=adjacent; estimated reach=20% of the assumed Nexus customer mix; business value reflects outcome severity, economic exposure, response urgency, and buyer willingness-to-pay."
157,lab-coat-zone,Clinical-Attire Color Check,Healthcare & Senior Living,pro,vision,True,76,5,76,51.15,no,High,ppe_safety,adjacent,"ppe safety; competitor evidence=adjacent; estimated reach=5% of the assumed Nexus customer mix; business value reflects outcome severity, economic exposure, response urgency, and buyer willingness-to-pay."
158,snapshot-contact-sheet,Snapshot Contact Sheet,Intelligence,pro,protect,True,78,30,52,50.8,no,High,vms_evidence_support,adjacent,"vms evidence support; competitor evidence=adjacent; estimated reach=30% of the assumed Nexus customer mix; business value reflects outcome severity, economic exposure, response urgency, and buyer willingness-to-pay."
159,desk-hotel-mapping,Desk Utilization Map,Intelligence,pro,vision,True,94,18,52,50.6,no,Low,occupancy_counting,direct,"occupancy counting; competitor evidence=direct; estimated reach=18% of the assumed Nexus customer mix; business value reflects outcome severity, economic exposure, response urgency, and buyer willingness-to-pay."
160,gym-equipment-usage,Equipment Usage Analytics,Intelligence,starter,vision,True,88,22,52,50.5,no,High,dwell_flow_bi,direct,"dwell flow bi; competitor evidence=direct; estimated reach=22% of the assumed Nexus customer mix; business value reflects outcome severity, economic exposure, response urgency, and buyer willingness-to-pay."
161,meeting-room-usage,Meeting Room Presence Estimate,Intelligence,starter,vision,True,88,22,52,50.5,no,High,dwell_flow_bi,direct,"dwell flow bi; competitor evidence=direct; estimated reach=22% of the assumed Nexus customer mix; business value reflects outcome severity, economic exposure, response urgency, and buyer willingness-to-pay."
162,vault-approach,Solo Vault-Zone Dwell Alert,Compliance,enterprise,vision,True,94,6,62,50.4,no,Low,loitering_intrusion,direct,"loitering intrusion; competitor evidence=direct; estimated reach=6% of the assumed Nexus customer mix; business value reflects outcome severity, economic exposure, response urgency, and buyer willingness-to-pay."
163,lot-inventory-count,Lot Inventory Count,Automotive & Parking,pro,vision,True,94,8,60,50.3,no,Low,occupancy_counting,direct,"occupancy counting; competitor evidence=direct; estimated reach=8% of the assumed Nexus customer mix; business value reflects outcome severity, economic exposure, response urgency, and buyer willingness-to-pay."
164,clip-export-failure-digest,Clip Export Failure Digest,Security & Access,enterprise,protect,False,62,28,62,50.1,no,Medium,camera_stream_health,adjacent,"camera stream health; competitor evidence=adjacent; estimated reach=28% of the assumed Nexus customer mix; business value reflects outcome severity, economic exposure, response urgency, and buyer willingness-to-pay."
165,protect-event-page-saturation,Protect Event Page Saturation Watch,Security & Access,pro,protect,False,62,44,48,50.1,no,High,camera_stream_health,adjacent,"camera stream health; competitor evidence=adjacent; estimated reach=44% of the assumed Nexus customer mix; business value reflects outcome severity, economic exposure, response urgency, and buyer willingness-to-pay."
166,dispensary-capacity,Sales Floor Capacity,Compliance,pro,vision,True,94,5,62,50.05,no,High,occupancy_counting,direct,"occupancy counting; competitor evidence=direct; estimated reach=5% of the assumed Nexus customer mix; business value reflects outcome severity, economic exposure, response urgency, and buyer willingness-to-pay."
167,service-response-time,Service Response Time,Intelligence,enterprise,vision,True,88,20,52,49.8,no,High,dwell_flow_bi,direct,"dwell flow bi; competitor evidence=direct; estimated reach=20% of the assumed Nexus customer mix; business value reflects outcome severity, economic exposure, response urgency, and buyer willingness-to-pay."
168,protect-camera-api-latency,Protect Camera API Latency,Intelligence,starter,protect,False,62,42,48,49.4,no,Medium,camera_stream_health,adjacent,"camera stream health; competitor evidence=adjacent; estimated reach=42% of the assumed Nexus customer mix; business value reflects outcome severity, economic exposure, response urgency, and buyer willingness-to-pay."
169,protect-camera-model-mix,Protect Camera Model Mix,Intelligence,pro,protect,False,62,42,48,49.4,no,Medium,camera_stream_health,adjacent,"camera stream health; competitor evidence=adjacent; estimated reach=42% of the assumed Nexus customer mix; business value reflects outcome severity, economic exposure, response urgency, and buyer willingness-to-pay."
170,protect-camera-name-collision-audit,Protect Camera Name Collision Audit,Compliance,starter,protect,False,62,42,48,49.4,no,Medium,camera_stream_health,adjacent,"camera stream health; competitor evidence=adjacent; estimated reach=42% of the assumed Nexus customer mix; business value reflects outcome severity, economic exposure, response urgency, and buyer willingness-to-pay."
171,protect-event-end-field-audit,Protect Event End Field Audit,Compliance,pro,protect,False,62,42,48,49.4,no,Medium,camera_stream_health,adjacent,"camera stream health; competitor evidence=adjacent; estimated reach=42% of the assumed Nexus customer mix; business value reflects outcome severity, economic exposure, response urgency, and buyer willingness-to-pay."
172,protect-event-schema-drift,Protect Event Schema Drift Watch,Compliance,pro,protect,False,62,42,48,49.4,no,Medium,camera_stream_health,adjacent,"camera stream health; competitor evidence=adjacent; estimated reach=42% of the assumed Nexus customer mix; business value reflects outcome severity, economic exposure, response urgency, and buyer willingness-to-pay."
173,protect-event-score-distribution,Protect Event Score Distribution,Intelligence,pro,protect,False,62,42,48,49.4,no,Medium,camera_stream_health,adjacent,"camera stream health; competitor evidence=adjacent; estimated reach=42% of the assumed Nexus customer mix; business value reflects outcome severity, economic exposure, response urgency, and buyer willingness-to-pay."
174,protect-event-start-field-audit,Protect Event Start Field Audit,Compliance,pro,protect,False,62,42,48,49.4,no,Medium,camera_stream_health,adjacent,"camera stream health; competitor evidence=adjacent; estimated reach=42% of the assumed Nexus customer mix; business value reflects outcome severity, economic exposure, response urgency, and buyer willingness-to-pay."
175,protect-event-type-inventory,Protect Event Type Inventory,Intelligence,pro,protect,False,62,42,48,49.4,no,Medium,camera_stream_health,adjacent,"camera stream health; competitor evidence=adjacent; estimated reach=42% of the assumed Nexus customer mix; business value reflects outcome severity, economic exposure, response urgency, and buyer willingness-to-pay."
176,protect-event-watermark-checkpoint,Protect Event Watermark Checkpoint,Compliance,pro,protect,False,62,42,48,49.4,no,Medium,camera_stream_health,adjacent,"camera stream health; competitor evidence=adjacent; estimated reach=42% of the assumed Nexus customer mix; business value reflects outcome severity, economic exposure, response urgency, and buyer willingness-to-pay."
177,protect-stream-fps-register,Protect Stream FPS Register,Intelligence,pro,protect,False,62,42,48,49.4,no,Medium,camera_stream_health,adjacent,"camera stream health; competitor evidence=adjacent; estimated reach=42% of the assumed Nexus customer mix; business value reflects outcome severity, economic exposure, response urgency, and buyer willingness-to-pay."
178,protect-stream-resolution-register,Protect Stream Resolution Register,Intelligence,pro,protect,False,62,42,48,49.4,no,Medium,camera_stream_health,adjacent,"camera stream health; competitor evidence=adjacent; estimated reach=42% of the assumed Nexus customer mix; business value reflects outcome severity, economic exposure, response urgency, and buyer willingness-to-pay."
179,rtsp-aspect-ratio-drift,RTSP Aspect Ratio Drift,Compliance,pro,protect,True,62,42,48,49.4,no,Medium,camera_stream_health,adjacent,"camera stream health; competitor evidence=adjacent; estimated reach=42% of the assumed Nexus customer mix; business value reflects outcome severity, economic exposure, response urgency, and buyer willingness-to-pay."
180,rtsp-blockiness-estimate,RTSP Compression Blockiness Estimate,Property & Liability,pro,protect,True,62,42,48,49.4,no,Medium,camera_stream_health,adjacent,"camera stream health; competitor evidence=adjacent; estimated reach=42% of the assumed Nexus customer mix; business value reflects outcome severity, economic exposure, response urgency, and buyer willingness-to-pay."
181,rtsp-color-flicker,RTSP Color Flicker Watch,Property & Liability,pro,protect,True,62,42,48,49.4,no,Medium,camera_stream_health,adjacent,"camera stream health; competitor evidence=adjacent; estimated reach=42% of the assumed Nexus customer mix; business value reflects outcome severity, economic exposure, response urgency, and buyer willingness-to-pay."
182,rtsp-dark-corner-vignetting,RTSP Dark-Corner Vignetting Watch,Property & Liability,pro,protect,True,62,42,48,49.4,no,Medium,camera_stream_health,adjacent,"camera stream health; competitor evidence=adjacent; estimated reach=42% of the assumed Nexus customer mix; business value reflects outcome severity, economic exposure, response urgency, and buyer willingness-to-pay."
183,rtsp-dead-pixel-cluster-watch,RTSP Persistent Pixel Cluster Watch,Property & Liability,pro,protect,True,62,42,48,49.4,no,Medium,camera_stream_health,adjacent,"camera stream health; competitor evidence=adjacent; estimated reach=42% of the assumed Nexus customer mix; business value reflects outcome severity, economic exposure, response urgency, and buyer willingness-to-pay."
184,rtsp-frame-size-consistency,RTSP Frame Size Consistency,Compliance,pro,protect,True,62,42,48,49.4,no,Medium,camera_stream_health,adjacent,"camera stream health; competitor evidence=adjacent; estimated reach=42% of the assumed Nexus customer mix; business value reflects outcome severity, economic exposure, response urgency, and buyer willingness-to-pay."
185,rtsp-grayscale-channel-audit,RTSP Grayscale Channel Audit,Compliance,pro,protect,True,62,42,48,49.4,no,Medium,camera_stream_health,adjacent,"camera stream health; competitor evidence=adjacent; estimated reach=42% of the assumed Nexus customer mix; business value reflects outcome severity, economic exposure, response urgency, and buyer willingness-to-pay."
186,rtsp-luminance-flicker,RTSP Luminance Flicker Watch,Property & Liability,pro,protect,True,62,42,48,49.4,no,Medium,camera_stream_health,adjacent,"camera stream health; competitor evidence=adjacent; estimated reach=42% of the assumed Nexus customer mix; business value reflects outcome severity, economic exposure, response urgency, and buyer willingness-to-pay."
187,rtsp-startup-latency,RTSP Startup Latency,Intelligence,pro,protect,True,62,42,48,49.4,no,Medium,camera_stream_health,adjacent,"camera stream health; competitor evidence=adjacent; estimated reach=42% of the assumed Nexus customer mix; business value reflects outcome severity, economic exposure, response urgency, and buyer willingness-to-pay."
188,rtsp-color-cast-watch,RTSP Color Cast Watch,Property & Liability,pro,protect,True,62,42,48,49.4,no,High,camera_stream_health,adjacent,"camera stream health; competitor evidence=adjacent; estimated reach=42% of the assumed Nexus customer mix; business value reflects outcome severity, economic exposure, response urgency, and buyer willingness-to-pay."
189,rtsp-noise-estimate,RTSP Image Noise Estimate,Property & Liability,pro,protect,True,62,42,48,49.4,no,High,camera_stream_health,adjacent,"camera stream health; competitor evidence=adjacent; estimated reach=42% of the assumed Nexus customer mix; business value reflects outcome severity, economic exposure, response urgency, and buyer willingness-to-pay."
190,rtsp-stuck-row-column-watch,RTSP Stuck Row or Column Watch,Property & Liability,pro,protect,True,62,42,48,49.4,no,High,camera_stream_health,adjacent,"camera stream health; competitor evidence=adjacent; estimated reach=42% of the assumed Nexus customer mix; business value reflects outcome severity, economic exposure, response urgency, and buyer willingness-to-pay."
191,route-verification,Route-Zone Presence Log,Intelligence,pro,vision,True,86,20,52,49.3,no,Low,vehicle_parking,direct,"vehicle parking; competitor evidence=direct; estimated reach=20% of the assumed Nexus customer mix; business value reflects outcome severity, economic exposure, response urgency, and buyer willingness-to-pay."
192,closing-time-snapshot,Closing-Time Snapshot,Security & Access,pro,protect,True,78,18,58,49.0,no,Medium,vms_evidence_support,adjacent,"vms evidence support; competitor evidence=adjacent; estimated reach=18% of the assumed Nexus customer mix; business value reflects outcome severity, economic exposure, response urgency, and buyer willingness-to-pay."
193,uniform-check,Uniform Color-Signature Check,Compliance,pro,vision,True,76,14,62,48.7,no,High,ppe_safety,adjacent,"ppe safety; competitor evidence=adjacent; estimated reach=14% of the assumed Nexus customer mix; business value reflects outcome severity, economic exposure, response urgency, and buyer willingness-to-pay."
194,crematory-access,Restricted-Zone Entry Log,Compliance,enterprise,vision,True,94,1,62,48.65,no,Low,loitering_intrusion,direct,"loitering intrusion; competitor evidence=direct; estimated reach=1% of the assumed Nexus customer mix; business value reflects outcome severity, economic exposure, response urgency, and buyer willingness-to-pay."
195,visitor-badge-check,Badge Color-Signature Check,Compliance,pro,vision,True,70,18,62,48.6,no,High,ppe_safety,adjacent,"ppe safety; competitor evidence=adjacent; estimated reach=18% of the assumed Nexus customer mix; business value reflects outcome severity, economic exposure, response urgency, and buyer willingness-to-pay."
196,lobby-visitor-flow,Lobby Visitor Flow,Intelligence,starter,vision,True,94,12,52,48.5,no,Low,occupancy_counting,direct,"occupancy counting; competitor evidence=direct; estimated reach=12% of the assumed Nexus customer mix; business value reflects outcome severity, economic exposure, response urgency, and buyer willingness-to-pay."
197,vehicle-damage-scan,Vehicle-Stall Change Review,Automotive & Parking,pro,vision,True,62,38,48,48.0,no,High,vehicle_parking,direct,"vehicle parking; competitor evidence=direct; estimated reach=38% of the assumed Nexus customer mix; business value reflects outcome severity, economic exposure, response urgency, and buyer willingness-to-pay."
198,teller-line-pace,Teller Line Pace,Intelligence,pro,vision,True,94,10,52,47.8,no,Low,occupancy_counting,direct,"occupancy counting; competitor evidence=direct; estimated reach=10% of the assumed Nexus customer mix; business value reflects outcome severity, economic exposure, response urgency, and buyer willingness-to-pay."
199,wash-bay-pace,Wash Bay Dwell Review,Automotive & Parking,starter,vision,True,88,5,60,47.75,no,High,dwell_flow_bi,direct,"dwell flow bi; competitor evidence=direct; estimated reach=5% of the assumed Nexus customer mix; business value reflects outcome severity, economic exposure, response urgency, and buyer willingness-to-pay."
200,library-zone-count,Library Zone Counts,Intelligence,starter,vision,True,94,9,52,47.45,no,Low,occupancy_counting,direct,"occupancy counting; competitor evidence=direct; estimated reach=9% of the assumed Nexus customer mix; business value reflects outcome severity, economic exposure, response urgency, and buyer willingness-to-pay."
201,dock-slip-occupancy,Slip Occupancy Estimate,Intelligence,pro,vision,True,94,8,52,47.1,no,Low,occupancy_counting,direct,"occupancy counting; competitor evidence=direct; estimated reach=8% of the assumed Nexus customer mix; business value reflects outcome severity, economic exposure, response urgency, and buyer willingness-to-pay."
202,gym-occupancy-class,Studio Attendance Estimate,Intelligence,starter,vision,True,94,8,52,47.1,no,Low,occupancy_counting,direct,"occupancy counting; competitor evidence=direct; estimated reach=8% of the assumed Nexus customer mix; business value reflects outcome severity, economic exposure, response urgency, and buyer willingness-to-pay."
203,range-utilization,Driving Range Utilization,Intelligence,starter,vision,True,94,8,52,47.1,no,Low,occupancy_counting,direct,"occupancy counting; competitor evidence=direct; estimated reach=8% of the assumed Nexus customer mix; business value reflects outcome severity, economic exposure, response urgency, and buyer willingness-to-pay."
204,sanctuary-count,Service Attendance Count,Intelligence,starter,vision,True,94,8,52,47.1,no,High,occupancy_counting,direct,"occupancy counting; competitor evidence=direct; estimated reach=8% of the assumed Nexus customer mix; business value reflects outcome severity, economic exposure, response urgency, and buyer willingness-to-pay."
205,thermal-shimmer,Exhaust-Zone Texture Change,Intelligence,enterprise,vision,True,74,22,52,47.0,no,High,industrial_operations,adjacent,"industrial operations; competitor evidence=adjacent; estimated reach=22% of the assumed Nexus customer mix; business value reflects outcome severity, economic exposure, response urgency, and buyer willingness-to-pay."
206,drive-off-alert,Drive-Off Alert,Automotive & Parking,pro,vision,True,86,4,60,46.9,no,Low,vehicle_parking,direct,"vehicle parking; competitor evidence=direct; estimated reach=4% of the assumed Nexus customer mix; business value reflects outcome severity, economic exposure, response urgency, and buyer willingness-to-pay."
207,impound-yard-log,Impound Yard In/Out Log,Automotive & Parking,starter,vision,True,86,3,60,46.55,no,Low,vehicle_parking,direct,"vehicle parking; competitor evidence=direct; estimated reach=3% of the assumed Nexus customer mix; business value reflects outcome severity, economic exposure, response urgency, and buyer willingness-to-pay."
208,detail-qc-walk,Bright-Patch QC Review,Automotive & Parking,pro,vision,True,86,3,60,46.55,no,High,vehicle_parking,direct,"vehicle parking; competitor evidence=direct; estimated reach=3% of the assumed Nexus customer mix; business value reflects outcome severity, economic exposure, response urgency, and buyer willingness-to-pay."
209,unit-fullness,Unit Occupancy Appearance Check,Intelligence,pro,vision,True,94,6,52,46.4,no,High,occupancy_counting,direct,"occupancy counting; competitor evidence=direct; estimated reach=6% of the assumed Nexus customer mix; business value reflects outcome severity, economic exposure, response urgency, and buyer willingness-to-pay."
210,shelter-census,Shelter Bunk-Area Count Estimate,Intelligence,starter,vision,True,94,5,52,46.05,no,Low,occupancy_counting,direct,"occupancy counting; competitor evidence=direct; estimated reach=5% of the assumed Nexus customer mix; business value reflects outcome severity, economic exposure, response urgency, and buyer willingness-to-pay."
211,clubhouse-flow,Clubhouse Amenity Flow,Intelligence,starter,vision,True,94,4,52,45.7,no,Low,occupancy_counting,direct,"occupancy counting; competitor evidence=direct; estimated reach=4% of the assumed Nexus customer mix; business value reflects outcome severity, economic exposure, response urgency, and buyer willingness-to-pay."
212,pavilion-rental,Pavilion Rental Verification,Intelligence,starter,vision,True,94,3,52,45.35,no,Low,occupancy_counting,direct,"occupancy counting; competitor evidence=direct; estimated reach=3% of the assumed Nexus customer mix; business value reflects outcome severity, economic exposure, response urgency, and buyer willingness-to-pay."
213,snapshot-filename-integrity,Snapshot Filename Integrity Audit,Compliance,pro,protect,True,62,30,48,45.2,no,Medium,vms_evidence_support,adjacent,"vms evidence support; competitor evidence=adjacent; estimated reach=30% of the assumed Nexus customer mix; business value reflects outcome severity, economic exposure, response urgency, and buyer willingness-to-pay."
214,snapshot-privacy-suppression-audit,Snapshot Privacy Suppression Audit,Compliance,pro,protect,True,62,30,48,45.2,no,Medium,vms_evidence_support,adjacent,"vms evidence support; competitor evidence=adjacent; estimated reach=30% of the assumed Nexus customer mix; business value reflects outcome severity, economic exposure, response urgency, and buyer willingness-to-pay."
215,rtsp-letterbox-detection,RTSP Letterbox Detection,Property & Liability,pro,protect,True,62,30,48,45.2,no,High,ppe_safety,direct,"ppe safety; competitor evidence=direct; estimated reach=30% of the assumed Nexus customer mix; business value reflects outcome severity, economic exposure, response urgency, and buyer willingness-to-pay."
216,snapshot-age-index,Snapshot Age Index,Intelligence,pro,protect,True,62,30,48,45.2,no,High,vms_evidence_support,adjacent,"vms evidence support; competitor evidence=adjacent; estimated reach=30% of the assumed Nexus customer mix; business value reflects outcome severity, economic exposure, response urgency, and buyer willingness-to-pay."
217,snapshot-payload-size-audit,Snapshot Payload Size Audit,Compliance,pro,protect,True,62,30,48,45.2,no,High,vms_evidence_support,adjacent,"vms evidence support; competitor evidence=adjacent; estimated reach=30% of the assumed Nexus customer mix; business value reflects outcome severity, economic exposure, response urgency, and buyer willingness-to-pay."
218,snapshot-storage-budget-watch,Snapshot Storage Budget Watch,Compliance,pro,protect,True,62,30,48,45.2,no,High,vms_evidence_support,adjacent,"vms evidence support; competitor evidence=adjacent; estimated reach=30% of the assumed Nexus customer mix; business value reflects outcome severity, economic exposure, response urgency, and buyer willingness-to-pay."
219,clip-export-storage-quota,Clip Export Storage Quota Watch,Compliance,enterprise,protect,False,62,20,55,44.5,no,High,vms_evidence_support,adjacent,"vms evidence support; competitor evidence=adjacent; estimated reach=20% of the assumed Nexus customer mix; business value reflects outcome severity, economic exposure, response urgency, and buyer willingness-to-pay."
220,access-event-type-census,Access Event Type Census,Intelligence,pro,access,False,62,28,48,44.5,no,Low,occupancy_counting,direct,"occupancy counting; competitor evidence=direct; estimated reach=28% of the assumed Nexus customer mix; business value reflects outcome severity, economic exposure, response urgency, and buyer willingness-to-pay."
221,access-unreported-method-review,Unreported Credential Method Review,Compliance,pro,access,False,48,20,62,43.8,no,High,vertical_visual_workflow,adjacent,"vertical visual workflow; competitor evidence=adjacent; estimated reach=20% of the assumed Nexus customer mix; business value reflects outcome severity, economic exposure, response urgency, and buyer willingness-to-pay."
222,clip-export-retention-pruner,Clip Export Retention Pruner,Compliance,enterprise,protect,False,62,18,55,43.8,no,High,vms_evidence_support,adjacent,"vms evidence support; competitor evidence=adjacent; estimated reach=18% of the assumed Nexus customer mix; business value reflects outcome severity, economic exposure, response urgency, and buyer willingness-to-pay."
223,protect-motion-event-volume,Protect Motion Event Volume,Intelligence,pro,protect,False,48,30,52,43.3,no,High,vertical_visual_workflow,adjacent,"vertical visual workflow; competitor evidence=adjacent; estimated reach=30% of the assumed Nexus customer mix; business value reflects outcome severity, economic exposure, response urgency, and buyer willingness-to-pay."
224,protect-smart-detect-subtype-mix,Protect Smart-Detect Subtype Mix,Intelligence,pro,protect,False,48,30,52,43.3,no,High,vertical_visual_workflow,adjacent,"vertical visual workflow; competitor evidence=adjacent; estimated reach=30% of the assumed Nexus customer mix; business value reflects outcome severity, economic exposure, response urgency, and buyer willingness-to-pay."
225,protect-smart-event-volume,Protect Smart-Detect Event Volume,Intelligence,pro,protect,False,48,30,52,43.3,no,High,vertical_visual_workflow,adjacent,"vertical visual workflow; competitor evidence=adjacent; estimated reach=30% of the assumed Nexus customer mix; business value reflects outcome severity, economic exposure, response urgency, and buyer willingness-to-pay."
226,access-doorbell-next-event-timing,Doorbell-to-Next-Event Timing,Intelligence,pro,access,False,48,28,52,42.6,no,High,vertical_visual_workflow,adjacent,"vertical visual workflow; competitor evidence=adjacent; estimated reach=28% of the assumed Nexus customer mix; business value reflects outcome severity, economic exposure, response urgency, and buyer willingness-to-pay."
227,access-doorbell-volume-summary,Doorbell Event Volume Summary,Intelligence,pro,access,False,48,28,52,42.6,no,High,vertical_visual_workflow,adjacent,"vertical visual workflow; competitor evidence=adjacent; estimated reach=28% of the assumed Nexus customer mix; business value reflects outcome severity, economic exposure, response urgency, and buyer willingness-to-pay."
228,access-grant-denial-ratio,Access Grant and Denial Ratio,Intelligence,pro,access,False,48,28,52,42.6,no,High,vertical_visual_workflow,adjacent,"vertical visual workflow; competitor evidence=adjacent; estimated reach=28% of the assumed Nexus customer mix; business value reflects outcome severity, economic exposure, response urgency, and buyer willingness-to-pay."
229,access-observed-door-roster,Observed Access Door Roster,Intelligence,pro,access,False,48,28,52,42.6,no,High,vertical_visual_workflow,adjacent,"vertical visual workflow; competitor evidence=adjacent; estimated reach=28% of the assumed Nexus customer mix; business value reflects outcome severity, economic exposure, response urgency, and buyer willingness-to-pay."
230,clip-export-duration-cap,Clip Export Duration Cap Audit,Compliance,enterprise,protect,False,48,20,58,42.2,no,High,vertical_visual_workflow,adjacent,"vertical visual workflow; competitor evidence=adjacent; estimated reach=20% of the assumed Nexus customer mix; business value reflects outcome severity, economic exposure, response urgency, and buyer willingness-to-pay."
231,clip-export-review-thumbnail,Clip Export Review Thumbnail,Intelligence,enterprise,protect,False,62,18,50,41.8,no,Medium,vms_evidence_support,adjacent,"vms evidence support; competitor evidence=adjacent; estimated reach=18% of the assumed Nexus customer mix; business value reflects outcome severity, economic exposure, response urgency, and buyer willingness-to-pay."
232,access-door-name-drift,Access Door Name Drift Review,Compliance,pro,access,False,48,30,48,41.7,no,High,vertical_visual_workflow,adjacent,"vertical visual workflow; competitor evidence=adjacent; estimated reach=30% of the assumed Nexus customer mix; business value reflects outcome severity, economic exposure, response urgency, and buyer willingness-to-pay."
233,access-out-of-order-event-review,Out-of-Order Access Event Review,Compliance,pro,access,False,48,30,48,41.7,no,High,vertical_visual_workflow,adjacent,"vertical visual workflow; competitor evidence=adjacent; estimated reach=30% of the assumed Nexus customer mix; business value reflects outcome severity, economic exposure, response urgency, and buyer willingness-to-pay."
234,access-unclassified-event-review,Unclassified Access Event Review,Compliance,pro,access,False,48,30,48,41.7,no,High,vertical_visual_workflow,adjacent,"vertical visual workflow; competitor evidence=adjacent; estimated reach=30% of the assumed Nexus customer mix; business value reflects outcome severity, economic exposure, response urgency, and buyer willingness-to-pay."
235,access-credential-method-mix,Credential Method Mix Summary,Intelligence,pro,access,False,48,28,48,41.0,no,High,vertical_visual_workflow,adjacent,"vertical visual workflow; competitor evidence=adjacent; estimated reach=28% of the assumed Nexus customer mix; business value reflects outcome severity, economic exposure, response urgency, and buyer willingness-to-pay."
236,banquet-setup-verify,Event-Room Visual Baseline Check,Intelligence,pro,vision,True,48,22,52,40.5,no,High,vertical_visual_workflow,adjacent,"vertical visual workflow; competitor evidence=adjacent; estimated reach=22% of the assumed Nexus customer mix; business value reflects outcome severity, economic exposure, response urgency, and buyer willingness-to-pay."
237,greenhouse-visual-health,Canopy Hue-Shift Watch,Intelligence,pro,vision,True,48,22,52,40.5,no,High,vertical_visual_workflow,adjacent,"vertical visual workflow; competitor evidence=adjacent; estimated reach=22% of the assumed Nexus customer mix; business value reflects outcome severity, economic exposure, response urgency, and buyer willingness-to-pay."
238,kennel-restlessness,Kennel Restlessness Score,Intelligence,pro,vision,True,48,22,52,40.5,no,High,vertical_visual_workflow,adjacent,"vertical visual workflow; competitor evidence=adjacent; estimated reach=22% of the assumed Nexus customer mix; business value reflects outcome severity, economic exposure, response urgency, and buyer willingness-to-pay."
239,medspa-room-turn,Treatment Room Turn,Intelligence,pro,vision,True,48,22,52,40.5,no,High,vertical_visual_workflow,adjacent,"vertical visual workflow; competitor evidence=adjacent; estimated reach=22% of the assumed Nexus customer mix; business value reflects outcome severity, economic exposure, response urgency, and buyer willingness-to-pay."
240,pace-of-play,Pace of Play Monitor,Intelligence,pro,vision,True,48,22,52,40.5,no,High,vertical_visual_workflow,adjacent,"vertical visual workflow; competitor evidence=adjacent; estimated reach=22% of the assumed Nexus customer mix; business value reflects outcome severity, economic exposure, response urgency, and buyer willingness-to-pay."
241,protect-motion-smart-ratio,Protect Motion-to-Smart Event Ratio,Intelligence,pro,protect,False,48,22,52,40.5,no,High,vertical_visual_workflow,adjacent,"vertical visual workflow; competitor evidence=adjacent; estimated reach=22% of the assumed Nexus customer mix; business value reflects outcome severity, economic exposure, response urgency, and buyer willingness-to-pay."
242,repeat-visitor,Repeat Appearance Pattern,Intelligence,enterprise,vision,True,48,22,52,40.5,no,High,vertical_visual_workflow,adjacent,"vertical visual workflow; competitor evidence=adjacent; estimated reach=22% of the assumed Nexus customer mix; business value reflects outcome severity, economic exposure, response urgency, and buyer willingness-to-pay."
243,pest-watch,Pest Watch (After-Hours),Compliance,pro,vision,True,58,10,55,40.0,no,High,perimeter_object_analytics,adjacent,"perimeter object analytics; competitor evidence=adjacent; estimated reach=10% of the assumed Nexus customer mix; business value reflects outcome severity, economic exposure, response urgency, and buyer willingness-to-pay."
244,clip-export-camera-validation,Clip Export Camera Validation,Compliance,enterprise,protect,False,48,20,52,39.8,no,High,vertical_visual_workflow,adjacent,"vertical visual workflow; competitor evidence=adjacent; estimated reach=20% of the assumed Nexus customer mix; business value reflects outcome severity, economic exposure, response urgency, and buyer willingness-to-pay."
245,vendor-verification,Vendor Arrival Verification,Intelligence,pro,vision,True,48,20,52,39.8,no,High,vertical_visual_workflow,adjacent,"vertical visual workflow; competitor evidence=adjacent; estimated reach=20% of the assumed Nexus customer mix; business value reflects outcome severity, economic exposure, response urgency, and buyer willingness-to-pay."
246,clip-export-overlap-deduper,Clip Export Overlap Deduplicator,Intelligence,enterprise,protect,False,58,16,48,39.3,no,Medium,occupancy_counting,adjacent,"occupancy counting; competitor evidence=adjacent; estimated reach=16% of the assumed Nexus customer mix; business value reflects outcome severity, economic exposure, response urgency, and buyer willingness-to-pay."
247,clip-export-retry-ledger,Clip Export Retry Ledger,Compliance,enterprise,protect,False,58,16,48,39.3,no,Medium,camera_stream_health,adjacent,"camera stream health; competitor evidence=adjacent; estimated reach=16% of the assumed Nexus customer mix; business value reflects outcome severity, economic exposure, response urgency, and buyer willingness-to-pay."
248,daycare-ratio,Classroom Ratio Estimate,Compliance,enterprise,vision,True,48,5,62,38.55,no,High,vertical_visual_workflow,adjacent,"vertical visual workflow; competitor evidence=adjacent; estimated reach=5% of the assumed Nexus customer mix; business value reflects outcome severity, economic exposure, response urgency, and buyer willingness-to-pay."
249,access-log-delivery-lag,Access Log Delivery Lag Monitor,Compliance,pro,access,False,48,20,48,38.2,no,High,vertical_visual_workflow,adjacent,"vertical visual workflow; competitor evidence=adjacent; estimated reach=20% of the assumed Nexus customer mix; business value reflects outcome severity, economic exposure, response urgency, and buyer willingness-to-pay."
250,clip-export-latency-metrics,Clip Export Latency Metrics,Intelligence,enterprise,protect,False,58,15,45,37.75,no,Medium,occupancy_counting,adjacent,"occupancy counting; competitor evidence=adjacent; estimated reach=15% of the assumed Nexus customer mix; business value reflects outcome severity, economic exposure, response urgency, and buyer willingness-to-pay."
251,clip-export-filename-normalizer,Clip Export Filename Normalizer,Compliance,enterprise,protect,False,55,12,42,34.75,no,Medium,vms_evidence_support,adjacent,"vms evidence support; competitor evidence=adjacent; estimated reach=12% of the assumed Nexus customer mix; business value reflects outcome severity, economic exposure, response urgency, and buyer willingness-to-pay."
